{"coords": [[5.460945214562599, -1.1102227400285158e-16, 21.14710774080997], [0.6826181518203249, 1.1823293211215682, 21.14710774080997], [1.3652363036406499, 0.7882195474143788, 21.14710774080997], [2.7304726072812997, 1.5764390948287577, 21.14710774080997]], "vectors": [[-1.6416554233197544e-15, -0.0, 1.0], [-8.6051042102145e-15, -3.552713678800501e-15, 1.0], [3.914107470955258e-15, 3.552713678800501e-15, 1.0], [-7.182243703660577e-16, -0.0, 1.0]], "connectivity": [1, 2, 3, 3]}