{"coords": [[8.510800900557517e-17, -1.2886862146324043e-33, 19.6536784822636], [2.7304726072812997, 1.3652363036406499, 19.6536784822636], [1.3652363036406499, 1.3652363036406499, 19.6536784822636]], "vectors": [[5.835271171915818e-16, -0.0, 1.0], [-2.2120226672260502e-15, 3.552713678800501e-15, 1.0], [-4.207674210941454e-15, -3.552713678800501e-15, 1.0]], "connectivity": [1, 2, 4]}